姓名,外号,曾用名,国家
George,John,Thomas,USA
James,Adrew,Martin,USA
姓名,外号,曾用名,国家
George,John,Thomas,USA
James,Adrew,Martin,USA
姓名,外号,曾用名,国家
George,John,Thomas,USA
James,Adrew,Martin,USA
姓名,外号,曾用名,国家
George,John,Thomas,USA
James,Adrew,Martin,USA
姓名,外号,曾用名,国家
George,John,Thomas,USA
James,Adrew,Martin,USA
姓名,外号,曾用名,国家
George,John,Thomas,USA
James,Adrew,Martin,USA
姓名,外号,曾用名,国家
George,John,Thomas,USA
James,Adrew,Martin,USA
姓名,外号,曾用名,国家
George,John,Thomas,USA
James,Adrew,Martin,USA
姓名,外号,曾用名,国家
George,John,Thomas,USA
James,Adrew,Martin,USA
姓名,外号,曾用名,国家
George,John,Thomas,USA
James,Adrew,Martin,USA
姓名,外号,曾用名,国家
George,John,Thomas,USA
James,Adrew,Martin,USA
姓名,外号,曾用名,国家
George,John,Thomas,USA
James,Adrew,Martin,USA
姓名,外号,曾用名,国家
George,John,Thomas,USA
James,Adrew,Martin,USA
姓名,外号,曾用名,国家
George,John,Thomas,USA
James,Adrew,Martin,USA
姓名,外号,曾用名,国家
George,John,Thomas,USA
James,Adrew,Martin,USA
姓名,外号,曾用名,国家
George,John,Thomas,USA
James,Adrew,Martin,USA
姓名,外号,曾用名,国家
George,John,Thomas,USA
James,Adrew,Martin,USA
姓名,外号,曾用名,国家
George,John,Thomas,USA
James,Adrew,Martin,USA
姓名,外号,曾用名,国家
George,John,Thomas,USA
James,Adrew,Martin,USA
姓名,外号,曾用名,国家
George,John,Thomas,USA
James,Adrew,Martin,USA
姓名,外号,曾用名,国家
George,John,Thomas,USA
James,Adrew,Martin,USA
姓名,外号,曾用名,国家
George,John,Thomas,USA
James,Adrew,Martin,USA
姓名,外号,曾用名,国家
George,John,Thomas,USA
James,Adrew,Martin,USA
姓名,外号,曾用名,国家
George,John,Thomas,USA
James,Adrew,Martin,USA
姓名,外号,曾用名,国家
George,John,Thomas,USA
James,Adrew,Martin,USA
姓名,外号,曾用名,国家
George,John,Thomas,USA
James,Adrew,Martin,USA
姓名,外号,曾用名,国家
George,John,Thomas,USA
James,Adrew,Martin,USA
姓名,外号,曾用名,国家
George,John,Thomas,USA
James,Adrew,Martin,USA
姓名,外号,曾用名,国家
George,John,Thomas,USA
James,Adrew,Martin,USA
姓名,外号,曾用名,国家
George,John,Thomas,USA
James,Adrew,Martin,USA
姓名,外号,曾用名,国家
George,John,Thomas,USA
James,Adrew,Martin,USA
姓名,外号,曾用名,国家
George,John,Thomas,USA
James,Adrew,Martin,USA
姓名,外号,曾用名,国家
George,John,Thomas,USA
James,Adrew,Martin,USA
姓名,外号,曾用名,国家
George,John,Thomas,USA
James,Adrew,Martin,USA
姓名,外号,曾用名,国家
George,John,Thomas,USA
James,Adrew,Martin,USA
姓名,外号,曾用名,国家
George,John,Thomas,USA
James,Adrew,Martin,USA
姓名,外号,曾用名,国家
George,John,Thomas,USA
James,Adrew,Martin,USA
姓名,外号,曾用名,国家
George,John,Thomas,USA
James,Adrew,Martin,USA
姓名,外号,曾用名,国家
George,John,Thomas,USA
James,Adrew,Martin,USA
姓名,外号,曾用名,国家
George,John,Thomas,USA
James,Adrew,Martin,USA
姓名,外号,曾用名,国家
George,John,Thomas,USA
James,Adrew,Martin,USA
